{"cameraMode":{"drawMode":0,"name":"Shaded","section":"Shading Mode"},"sceneLighting":true,"audioPlay":false,"sceneViewState":{"showFog":true,"showMaterialUpdate":false,"showSkybox":true,"showFlares":true,"showImageEffects":true,"showParticleSystems":true},"in2DMode":false,"pivot":{"x":0.0,"y":1.4800000190734864,"z":-0.8500000238418579},"rotation":{"x":0.19064733386039735,"y":-0.042387962341308597,"z":0.00824236124753952,"w":0.9807198643684387},"size":4.449468612670898,"orthographic":true}